2	Mark	Y	Buchanan	2004-04-05 07:14:38	mybuchanan	4YHV6CKw8x%l~YeQVOVqDr@+kYiKmJ5k
3	Michelle	U	Flowers	2024-11-02 21:35:45	muflowers	_D5h-1qCbRTBJ9BO3%~HngE-ufag^caq
6	Stephen	B	Fernandez	2011-05-22 05:32:49	sbfernandez580	teny^rciDjh&xuBV*QlRrRbN&yrK2sZs
7	Paul	I	Gonzalez	1975-09-08 04:47:34	pigonzalez	_KGd07%w52z0Y%tqWmUe*DsxRqR08z-#
8	Joshua	E	Giles	1988-08-05 12:40:14	jegiles	n=GjQATVBd~WbP&h^mYhGfC9+Xt4aiUO
9	Aaron	X	Richardson	1952-10-30 22:45:48	axrichardson	19UrF*vCfy9vMkqPsZ25R_=o~W2whd!g
12	Stacy	M	Jones	1995-08-29 04:54:58	smjones	K+$lyz*H#v1!HmP=U6q#C$ldHqJ~-VAn
15	Ashley	Z	Cooper	2024-09-02 03:02:38	azcooper395	TrY#yZNmKO2#a+1s0_14cysWDjk!po4m
16	Emily	A	Dickson	2000-06-04 13:57:42	eadickson	Jy#tL*9qul5LkN6p!kNN2%9Y=r4asz^R
17	Justin	N	Lutz	1962-06-04 23:24:53	jnlutz	#zV3StfD~nIQV#gR=EUZ0xr21P$R*%n%
18	Manuel	B	Smith	1992-04-24 17:51:48	mbsmith	cCpssgyJ!zYdTwkcHitYXkLeRFc~0#Vf
19	Roger	U	Rodriguez	1981-02-05 13:30:36	rurodriguez	Y_HSs!#&$B99DZYDpX5a%iJn@KNtoX2#
21	Alexis	H	Chapman	1988-02-18 18:36:32	ahchapman	a-GWSk0IB9sl9E=SBJ6Svd+cP0+gccsg
22	Kimberly	Z	Bray	2011-02-22 00:49:02	kzbray	1hYFYQuMO_vb^pb0NuqnBbD7neM@y#JI
24	Tina	U	Ballard	1990-12-15 05:06:18	tuballard	y10iHL@xp85^m2cUXL-uAL85a4MK0+kg
25	Stacey	Q	Harris	1946-12-12 03:24:13	sqharris	cQ39cH%ry_Ln$AtwNH!HScqk20wg1E@d
26	Anthony	I	Foster	2011-12-29 23:01:01	aifoster	lY^myAxyzU8uJAm7650j2vtnJKnIo3#T
28	Stephen	H	Mcgee	1991-08-08 07:34:30	shmcgee	CJ&eSTjb!F053VZKYspeWWoAt&0wSyZd
29	Daniel	E	James	1971-10-02 11:18:51	dejames	!B-%QxXif&I03x9yy9$%npXYfRt9jGhk
31	Tina	J	Oneill	1963-06-29 17:07:52	tjoneill	RZixQvf=@D6_tsTdYVZfES2ay54-YrIG
32	Charles	Q	Turner	1993-12-15 21:28:33	cqturner	X2fqD!XdoJyYJZWJoD*ahM2FKErIWBz_
33	Brandon	Q	Jones	2023-04-29 22:52:18	bqjones	4KaUvR2Kp=G6Gsbvt=^7OZ-h5Oyk~%UT
35	Adam	P	Berg	1978-04-23 08:11:37	apberg	UA%==slnZDOb=WY%KQS^R$M4oKKGYDME
37	Thomas	I	Haas	1958-03-16 06:10:18	tihaas	^ZXG+&Xxp#F_2S#aN#K~@iBKN5n-*y+D
38	Mario	C	Mitchell	2003-03-17 18:01:03	mcmitchell	$+eg^SDW!xij#66-I%a_^qiOK^D&NMB2
40	Steve	G	Sexton	1978-08-15 06:15:42	sgsexton	K$PipCyYWmk2kH3EInE5GeLS!z*kzK^0
42	Sara	K	Dodson	1963-10-11 16:17:24	skdodson	AT%DWk9Wn8UV&Kbpz8TLNThY_pM4O5Qu
43	Andrea	P	Bell	2020-11-01 00:43:21	apbell	bo6xRuGJZOI1^lT^&^1_ugG7J!MzARuX
44	Laurie	J	Nelson	1993-10-10 04:41:13	ljnelson	!24T*Qv9f&~QDWzP6!t53IliLY@1zEJ4
45	Vanessa	A	Houston	2019-02-13 02:00:31	vahouston	@Duo2iFy6qg2hPgFDV+ASXFnXcE03yxi
47	Elizabeth	A	Fletcher	2008-11-07 03:06:33	eafletcher	uW-G*w~LlQeACFH@y2#vsAUh9-ZuwCRn
48	Krista	D	Hill	2002-11-11 01:31:38	kdhill	wesA59Ft4anWNIuHMAn^sY5KWwkO$49o
49	Alexandra	G	Robles	1974-01-06 19:41:12	agrobles513	aximJ8f3m+eFRQOKqlsS+IO0~m=ZGX=-
50	Nicholas	R	Mason	2016-06-08 09:46:29	nrmason	KrUekWU=$PcTbcdi+OAI_59ry*UjVK=q
51	Gloria	P	Caldwell	1946-10-26 11:23:23	gpcaldwell	TgH3FJiyMx$ywr^i_RA3-jqHnyRBAk_N
54	Leslie	C	Smith	1982-09-13 05:58:13	lcsmith	F#41aODx4NtEmqeXv#R~3!8*78*^7CZQ
55	Brian	F	Evans	1948-12-12 04:23:46	bfevans551	5Vke*HKP8O@8HTcJ#2v5_!*dAGzFGyO5
56	Jennifer	K	Le	1995-09-21 02:35:08	jkle	%om26m45i&TuSrz=LU!q9vKu9B2+4%Ob
57	Andrew	O	Scott	1986-03-31 08:14:37	aoscott	iet5CO=83r!rJoLlX3V-3Y2aEef@Uwdp
59	Gabriel	R	Williams	1952-11-28 22:18:58	grwilliams	B!anBb_vN4qhv0$7rRGDZCv@fs^Gs~pA
60	Crystal	N	Beck	1971-06-28 18:13:56	cnbeck	&skHV4b%@*UKDTIg#El#aEM=zpio6LBg
63	Mary	P	Bennett	1985-12-10 12:45:59	mpbennett	DuDWsN2^=_xM8Km$ug2HzBGWu9qvu+Q7
64	Grant	B	Cox	1966-12-18 11:25:00	gbcox	0!s#IC1Y^hGEyRtkmf0gMC0L_%^Z#eW9
65	Joshua	E	Foley	1987-01-08 03:59:34	jefoley687	YmeIWr3RD8+pvolKk*8is~gYPMVPXOyZ
66	Zachary	F	Estes	2020-03-04 17:51:14	zfestes	=I5O5KDArMlU^Glo6M#rQD$svfbtElv%
68	Matthew	H	Jackson	2007-04-17 16:48:53	mhjackson	E@&$nu3Nnm!t+IV11FTiFAhpv+mP$wrT
69	Jennifer	F	Strong	2010-01-30 00:18:51	jfstrong	B%E~Cf3mKjw*Z!CzFJ3i7UNSULsYA~y_
70	Jennifer	R	Moore	1998-05-22 04:10:37	jrmoore	h6LDNiF7uUEq$&y$g@=7~KQ6M!=EJgzt
72	Christine	V	Guzman	1977-01-05 01:25:22	cvguzman	NPOioFc#0@@+dai2_$m&ciLj&-VFZWu1
73	Stephen	F	Brooks	2011-03-22 18:19:23	sfbrooks	BK+m$dShXG_XY^~O0t2i06fWg~qb4Rh5
74	Laura	G	Ryan	2009-07-23 11:33:28	lgryan	H!l8!88xyhfyZ!AZ9%sg-l5F79$qp+VF
75	Brooke	D	Moore	1951-03-22 14:23:10	bdmoore	#7eBxGjshiXsLvKjPys4^o4-Of8qj%ba
76	Jacob	D	Weaver	2014-06-05 04:13:51	jdweaver	W3HR+WxZFYYW^Js@ze1cSmF#ng-gLZh6
77	Melissa	O	Caldwell	1980-11-02 11:10:37	mocaldwell	az*nU*V%xLj=4S$!O6%Waw@Hw!&f!4i!
78	Jo	Q	Kelly	1998-09-17 21:14:26	jqkelly	xNGl%GS4$+P7+AS3l4EKCLNo30$n-qN2
79	Christina	X	Ho	1974-12-13 04:41:07	cxho	UZhAgzv1-QFd0B%ewpaue*9pk@rVNJ8z
80	Carrie	V	Daugherty	1956-09-21 20:39:08	cvdaugherty	+o!pwdM3^Ph1Gc4ON24av6uPk=%z&Nhv
82	Sandra	D	Evans	1956-06-19 15:42:54	sdevans	95Pv&BSCG^heX*kk5vbhY_wvnTa44ow!
84	Jason	R	Scott	2013-01-25 04:04:45	jrscott	sKyYgcmY=E_VPn7NbOke#NQd!*Yc$z=J
85	Audrey	H	Hernandez	1986-09-11 23:55:11	ahhernandez	!SB*FdlmJO6Vptwb2Ul1sH-XVZd1+!_p
86	Matthew	M	Hawkins	1958-09-13 05:29:46	mmhawkins	BwNeqvf_lZsX18cx%#NbdZdL2y=Mn8uo
87	Alison	P	Becker	1978-07-08 14:08:14	apbecker	XbYPYtCrYUG2+nSH7um$-jJUTlVzRqip
88	Erica	I	Garrett	2014-09-08 21:52:46	eigarrett	1ogtOqSP2a&Y8GozOf@Lj!NBVMvmpAhB
89	Kenneth	D	Ochoa	1966-04-23 11:32:43	kdochoa	VwrrShrOHo6nDa#vP4C*4&lv4bzN1Jv-
90	Jared	V	Smith	1960-01-24 04:13:46	jvsmith	G*EQnU5l@#fWM#pgMYW_fm9&aAjcI15t
91	Brittany	O	Duarte	2006-11-15 10:41:05	boduarte	BYrSs_xtSJ%trgh+3O@%gXlcYm-k5nO+
92	Anthony	N	English	2023-11-11 01:54:02	anenglish	umKEkV^4q_zUdsLcIgG3@EM%SA=!!giZ
93	Robin	C	Petersen	2017-01-13 08:24:32	rcpetersen	oDzKll+bsGo2#r%7TM~~x^V38~FsG^zu
95	Patricia	G	Estrada	2019-02-19 02:59:26	pgestrada	+i+cemyOi1qTj^qsbMOCbzebe88qU2sd
96	Ethan	U	Baxter	2015-12-14 14:39:49	eubaxter	9pvQL2QMk=JB-q1*M4l*Q9+yO#D9m6p7
97	Jose	R	Conrad	1983-07-23 14:18:27	jrconrad	=g%rlW#j8etDa&+$c5CJ+D5-tr#Bfwom
98	Nathaniel	O	Griffin	2009-02-16 03:20:18	nogriffin	+@*pwmK**9$LDa!UQF+G0suX*6%0IEGX
100	Devon	M	Walter	1976-11-25 11:47:42	dmwalter	nxH*1-&%JzI%B@-+9n6a9R6M!6I@$9MK
101	Joel	O	Mckenzie	1998-10-03 22:27:44	jomckenzie	L_wcw7mN#6U%!waoKv5&@urTtJYGnLWk
102	Elizabeth	W	Rodriguez	1975-04-16 00:28:41	ewrodriguez	UQhHY~vIsUFwQSPM+XbjpT80sc5e_rfm
103	Tyler	M	Lucero	1955-03-16 09:18:58	tmlucero	nuHAW12sHe^y!+F&UTh_%5&8FDZ!N#O_
105	Michael	M	Weaver	2009-04-28 07:15:45	mmweaver	BG8ulsefnl8~2mtpf6W+qWnx2jeKBtG=
107	Trevor	O	Wright	1969-04-23 23:20:44	towright	VfN*!zT3vl7C=8TqlQr95n4C*&rkIY-r
108	Karen	G	Kelly	2001-11-07 14:13:47	kgkelly	lEC5wlNU@KnSYEaawJ5ErFf@T-W$ryx8
109	Amy	J	Patton	1950-05-26 17:53:51	ajpatton	gWHfxt1VtBFNNk3uY#4d$#$tQXQl^~s8
110	Alexis	M	Jackson	1998-10-30 12:15:14	amjackson	qeplvruoKt7^~+5UvbIRyq=sk4C&YLKW
111	Andrea	O	Rodriguez	1955-06-03 16:16:15	aorodriguez	K#JQqLOitGQqJy~qdS8sr*Llqgr$Zj@4
112	Brandon	J	Jackson	1991-12-10 06:16:16	bjjackson	@^3siCJCKArvo2~Cwt6y!^KpjVYlV+bV
114	Samantha	V	Hall	1969-05-11 07:34:31	svhall722	sR#ut!@5o7XH^iNFC@%CU2270HvsY&xY
115	Thomas	T	Hill	2015-05-22 16:18:39	tthill	#v2hmNFd2u85_k5s4UVdK_P-^eflvLs~
116	Mason	C	Mckinney	1965-03-15 15:15:31	mcmckinney	PYCKXOGCuI#0WVZ5*IpyVJg&B8Plb7rO
118	Patrick	P	Diaz	1955-01-18 21:09:21	ppdiaz677	#*hNrxdWt~!z$Y-ce3vFM%WBc&-TW~pz
119	Justin	M	Camacho	1979-08-23 11:47:27	jmcamacho	4nm6eK-#5vYIovhGqu#hFyjawTYQKJ^j
120	Cheryl	W	Tucker	1982-02-23 17:51:16	cwtucker	&bGqVaxma_V#4XPRpZJvP48UNM+58gDv
121	Alexis	X	Clark	1952-05-19 14:51:21	axclark	W~fViBdA0c$@R916Du#qUYb@2_*6SSc4
122	Kristina	A	Martin	1984-04-22 12:44:00	kamartin	0z83FvAV0&!XRo+UNU%m*Ylfn!Bl_kEG
124	Erica	O	Tucker	1966-12-25 19:10:22	eotucker	gia2ZgnY6cWGhlaUgkSIB3Q9!^^ofm~v
125	Rebecca	W	Miller	1991-05-14 13:50:49	rwmiller	qt&EUph9_Kx%vna4qiP%ybin#y8R@Rvx
126	Daniel	D	Simpson	2023-01-20 08:16:04	ddsimpson	k&3E_k680P7O~wkltlY@28k%GbT^-~EW
127	Deanna	R	Smith	1991-11-05 11:03:26	drsmith	X4KGYgtKopDZ@+f*6q&EjF-Yr=HWLkOc
128	Scott	F	Rodriguez	1972-07-23 07:50:28	sfrodriguez	a~UWrvoKMabXSx3s~$SHiAdkg*Tk5r@o
129	Christopher	O	Ellis	1982-02-16 02:54:41	coellis	vP+v6V7Y1h7jatF+l%&w_VO_R_npWmdP
130	Ariana	V	Smith	2023-02-13 07:45:23	avsmith	*K6#!qR~4%YcIQ#rVsv-+X0ao8-IIqMa
131	Lori	C	Williams	1992-03-12 17:15:33	lcwilliams	yEuN_VJB^TucjTc&W8r59p$D&2I-C3Cd
133	Sarah	X	Mclean	1988-03-28 05:07:34	sxmclean	Js+IPJ8X2=QOn4du0&l^QIZgJRKASvUS
134	Paul	Q	Lucas	2009-04-08 03:38:11	pqlucas	zRmeS24OU12%zjYrVKVosi~AC2I2UekK
135	Cynthia	C	Peters	1989-01-17 05:10:04	ccpeters	Wm2oGbt9=xHfTAsKw_0wF8=t*^wWbq63
136	Sara	O	Vargas	2022-11-23 05:18:53	sovargas	XJ*l$KEMy#7QN8V~sRzWXF+OZZi%czLS
137	Andrea	L	Medina	2021-06-05 04:18:05	almedina	C=s5Os+Ic=!n#$%s1K6t&OeqSNCZ8CKQ
138	Samuel	U	Mcmillan	2017-11-19 22:59:25	sumcmillan	~*Vc=35N8yZtR%Jp6A45xs4-lmtOhMMp
139	Rachel	B	Ferguson	2012-08-11 09:44:02	rbferguson	He9+2*YW-O20wr%JuSY$ICt6iM6MXAjb
140	Julia	G	Davis	2011-11-03 07:13:22	jgdavis	FRirrmktqd7Z!#Ffp-08^!*srZAGCI1J
141	Kenneth	T	Adams	1998-08-24 16:04:54	ktadams	#cvFJAX%7=&KHl@X^aTvd0&nmFkeh5Ph
142	William	D	Bradford	1957-06-15 17:32:30	wdbradford	07h4XR9j@aTQhxN7I#ncI&LVXe~f_+eT
143	Timothy	L	Vazquez	1997-12-23 03:02:26	tlvazquez	SQT8-bzOBweawf9f7aABJg#l!Ft==r^-
144	Rebecca	C	Day	1981-12-10 17:22:56	rcday	IArDkXys^0~Ef%HJc*vgA&Afd*Zb29Jr
145	Linda	F	Webster	2023-10-19 00:11:01	lfwebster	!vojMJ%zIEnQY+~ZmiMP$Hf+vO+zuWRE
146	Stacy	D	Ho	1994-10-03 20:30:01	sdho	l1_RLU7KYbWo@9Q%qSMQ_K5m@y0ju-#r
149	Ashley	H	Noble	1977-02-02 08:42:12	ahnoble	o9tbvZN4e4qK0*HOG$cP0d2F+4Hmzwlu
150	Cory	M	Miller	2018-07-21 00:19:43	cmmiller533	Krg3LNWgc^WRTa0Ib$tN-mQ6$cR=oj&&
152	Daniel	Z	Hodges	1950-04-21 16:17:09	dzhodges	tkmV9u~cfUFcOQ-lX5f~HK+7+ZH4#5!y
153	Raymond	R	Moore	1955-07-02 16:41:39	rrmoore	zlh@4XU9m@k19N4kmwz98iNRbFJF8Zkl
154	Amy	D	Reed	2000-09-11 11:55:45	adreed556	hvG^R&NoAmdV3^d#MxS38=k--yQgjcVS
155	Amanda	G	Long	1977-06-01 18:13:44	aglong	vZ!z&*pxB&^imj+I^vC!alJpBCr_nSzx
156	Aaron	F	Baker	2008-12-20 20:35:22	afbaker	uJXyvK2n1YlT0~o%48NOkGljYjBEw6K4
157	Amy	P	Stevens	1980-04-20 09:59:03	apstevens	zJ=SYCnJyjc+$8@RzLvhMS=&&wPjdMUv
158	Brett	Y	Adams	1999-08-27 10:49:59	byadams	-RfaRoK21iWEOc2bHgFM2dXkes4GRqqA
159	Derek	Q	Smith	2012-08-22 23:39:55	dqsmith	ioq5WP^jw@PIsZryCD~ZRO=pmJ~Kgih!
160	David	H	Hall	1951-10-14 20:46:11	dhhall	#iGRdfDZ_7aPkN$6A=c6#YnZ1EX0pRg6
162	Eric	C	Robinson	1961-09-18 14:00:40	ecrobinson800	jBqdwRTsS!LzU^hEQ=@eSnvgr@0%r0Zo
163	Charles	K	Schmidt	2019-12-10 14:33:06	ckschmidt	R6q0r*wfiRr+dKkeSo#_SzGzFZC~5j0v
164	Zachary	M	Bennett	1978-12-31 09:10:21	zmbennett	AB@Bz+y$025nf=FmDgnKOGZhx*m8wQI!
165	Angela	O	Dougherty	2010-08-11 17:57:38	aodougherty	BXt@16!Tz6DFxGh!aQAvT!j-MXxEE~iU
166	Andrew	C	Potter	1969-12-25 17:26:31	acpotter	&zg4^~~rSJvYUqMhL1l%8UV%yYjQfay0
167	Justin	N	Lopez	2021-07-21 08:36:35	jnlopez	g-2u0f+-4ynY3b%3FVL+ho+XH7!ht0uy
168	Jeanette	J	Moreno	1963-02-09 06:29:37	jjmoreno	peZ8uxYR77!6KjV%^4-fWBqgGoJ&k!uR
170	Katherine	U	Yates	1978-04-27 16:26:54	kuyates	1g!JW-oXjboL+@MjjeZGAvug7G6EyFA=
172	Ana	A	Marquez	1996-01-21 06:21:44	aamarquez	0CickyAv=5s&rc6ERJ2!sG9l$_ilQvW7
173	Claudia	V	Smith	1993-12-05 07:22:59	cvsmith	*^lGDxZVcu5r%AjzvWPMxujNJAP^ypRc
174	William	K	Powell	1985-09-10 09:10:11	wkpowell	_L0PSl0B*suK^d#sLUxsDQ9~#u58_NhQ
177	Tammy	Y	Edwards	1966-11-20 04:55:28	tyedwards	J=l9mlAwT!v_BU=F=wn$g9YMKau76OWd
178	Roy	L	Willis	1947-07-28 17:45:26	rlwillis	X^kEcVafp9+oYs03h_54tH~sb^J!5xF5
179	Michael	U	Buchanan	2005-05-24 13:06:51	mubuchanan	j+SQR94PseGwka2RgpvyJYMSU^bh1p8&
180	Brandy	J	Cantrell	1997-05-01 12:52:14	bjcantrell	UXQx+DS423X~zz2YIS6TyYI@IvWOg4M_
181	Alicia	C	Contreras	1945-08-04 20:41:40	accontreras	$xHT6cJ~FfrjRK9L*+e1UT0nAcevZfoK
182	Jennifer	E	Martin	2023-12-31 22:05:21	jemartin	YcanHLg*0*R_na^f*IaW2LDgZK8H~xxR
184	Robert	O	Odom	1946-08-01 10:40:02	roodom	%2qBS9sY=P&C0sKktu@Lq7n!#o-U1S@%
185	Anthony	J	Cain	2011-01-05 05:36:55	ajcain757	zMtA$s1lN$=i3Vwu8LNDL6$d1lvp@8ur
186	Alex	U	Arnold	1964-02-18 05:48:54	auarnold	q!Tp19@XC*03vu@Kc=eHgUPk%q@w$y$I
187	David	A	Byrd	1975-07-19 20:25:05	dabyrd	M%c_CVqpq9J#WgBw-xwucJ-oNqybK!xp
188	Rachael	O	Huynh	1986-06-02 03:41:14	rohuynh	_FrbbQJzP-Vr1*MVs8izVB&abfEFx!Z~
189	Peter	W	Morris	2011-04-26 08:37:22	pwmorris	AHf24aGEeU+We4J=F+8-wRXPjyAvg0u%
190	Brian	P	Schaefer	2010-06-10 01:51:43	bpschaefer	~4yyOhqhNcNU7r0BDNpM4I9+a+S8fz_x
191	Ashley	T	Myers	2005-07-12 23:44:38	atmyers	apKw-iF+QYzZq3UTO8R9-hn4PEp086Ve
192	Christopher	K	Johnson	1998-09-28 09:10:13	ckjohnson	2juLqcGecw1_2tOxCZ&ONTMfEQ69B8l~
193	Todd	V	Sanchez	1996-10-10 22:25:59	tvsanchez	M@-uF#+Xv4nJRDiv=ekxj1Xj^ICcH22h
194	Eduardo	A	Collins	1990-10-15 03:03:18	eacollins	OMQTKpO18aUuMqEbssYy8k9=G$fP!13A
196	Anthony	M	Larsen	1963-09-17 20:33:28	amlarsen	5~ptkCGg_f0cn6=rJ148qD+_jsZGM=6I
197	Casey	R	Gray	1984-11-26 19:17:11	crgray	#K2#XeQ#0$3#7XQC+f6ThbBNQmIaFYeO
198	Daniel	B	Lindsey	1952-12-06 11:56:41	dblindsey674	Y^G%^GPYTVFaCSlhaR1uYrtDElP2=fUf
199	Tracy	E	West	2002-08-15 10:38:13	tewest	KPro_+u&w-erF+a$H6mwk0hn&Yv&$vsR
201	Christian	G	Nelson	1973-07-23 15:51:01	cgnelson	=WugD#l$t-eXVB$mJ-iIkY@s$0p7Nr!8
202	Shannon	Z	Turner	1978-07-31 14:13:31	szturner	$OTeKYAlHEn&*k56KQPvgo~$g9AafW+9
203	Kristen	Y	Shaw	2014-11-21 04:56:07	kyshaw	F72A!GEuUYoJwDHZY#ao0MUA~wgz&GBh
204	Marc	B	Robinson	1995-03-19 08:21:40	mbrobinson	ptodZE!doqI!lJjB_J1*S#rTWXKHAEwQ
205	Justin	L	Bowman	1989-09-23 20:31:02	jlbowman	FgsD2d&gnjZq~$MZ*ml4JP=~cq@X-eP^
206	Megan	V	Bradford	2002-10-28 13:45:55	mvbradford971	S&i!QU*c%6+!y!jQBBWW52g7kHbcLw1+
207	Jeremy	H	Smith	1951-04-30 12:26:33	jhsmith	y!UuzQK=4Cv+I^nGraF%lXQ~n@X_eSNl
208	Norman	D	Miller	1961-01-15 23:51:57	ndmiller	xnDmpdS7o&#bqauJf8xbC&^F~W%C-CTw
209	Brenda	Y	Rivera	2016-03-19 18:25:03	byrivera	OFhwG6r@VmDElLlQQsiCSihgbASOq&Z!
210	James	L	Clark	2003-04-18 10:32:57	jlclark	J0Y4eilz4=lOtaj67L_o@xBdp##FQ=2k
211	Joseph	Q	Sanders	1955-03-18 20:32:37	jqsanders	Ose@gh4=NSxvS0O^eYD+FHifkr7r_44T
212	Jose	Y	Diaz	2020-07-10 13:16:50	jydiaz	x8$pzfj&BjPTjfpY_qpEP*-xoh!*CJ_j
213	Adrienne	T	Bowman	2006-10-12 03:50:13	atbowman	N20cYjp549$&05Qvx+vx74**s4+frA3R
214	Ariana	Z	Fowler	2024-01-24 18:19:28	azfowler	dF1BDzOo=R5n*^ZP_srnD+T_yZr9u$@$
215	Amanda	T	Stephens	1948-05-26 12:27:04	atstephens	v7QLO-O$%BX0E3MZ*LE8NtQIkexd+&bq
216	Jacob	I	Villa	2016-12-09 22:20:52	jivilla	tuU41rB5cGzsPprowOU3IgiPKd=!Q4IL
217	Thomas	W	Crosby	1961-12-06 09:02:31	twcrosby	QORj@a2DZo0-~xoq#N%4qYmnI^LohR^z
218	Reginald	N	Sullivan	1965-12-23 11:50:50	rnsullivan	3ZVuLlEQpiCQ8OfCJc^tm6~2Y$&!kdCU
219	Michelle	I	Woods	1989-01-31 10:08:52	miwoods	EvAZAYiujlzAXaiiipEDZqTiB0Fit~2k
220	Dustin	D	Clark	1977-07-21 10:57:32	ddclark	uuf=Bvjy!GFlI+=ywu8Nlno3kRxWLbA-
221	Cameron	B	Johnson	1970-09-26 18:56:59	cbjohnson	yaAfe&twFyyXv##XkKrVZENS4Cu^Na^K
222	Eric	K	Holder	1950-11-30 11:08:09	ekholder	N+TbQ3UBCJ$s!q374$LS-HoO#vdRn$nV
223	Andrew	H	Castillo	1968-09-09 22:33:39	ahcastillo	g+WzAjmaTuZEQDvKaJ!ys+=JCDB3Sg75
224	Rebecca	V	Murphy	1969-09-17 15:00:20	rvmurphy	Y-!NQiSgbL@HIbDOy#0h6i_FyVR=xACO
225	Erin	B	Hammond	1960-04-12 15:57:57	ebhammond	Xg!bA*!h&pD6yPPdb6pUA10^+@wvI=VW
226	Amy	F	Jordan	1959-08-02 01:41:23	afjordan615	dhMdd+VR$yR@+uB8*FXxOIroyh_C4_es
227	Nicole	N	Garrett	2008-09-18 05:31:19	nngarrett	qhO=2Eu!Jhnm&O6GX7+E%PIIhUsRGUSn
228	Jacqueline	Q	West	1976-09-20 16:23:53	jqwest	~i2SzN2sk1T$_WTV&14aGp+P1bdaPfkl
229	Timothy	E	Anderson	2007-12-02 17:23:09	teanderson	+PlldnroI&vIyAMA+1AK4h^H!&X1w*Pf
230	Melissa	Z	Garcia	2004-10-02 20:46:58	mzgarcia609	NE8Z_T-*Q7T4_3yT!N=YE$2C3bp%*E_g
231	Lisa	P	Cummings	1945-05-26 09:41:34	lpcummings	ygEn1Uqj$u2aD3w0G18i0t9w5Co93K8$
232	Ashley	I	Hudson	1995-05-18 05:23:46	aihudson	tAcYMLnB9%DtI7AVfbI-3Czy1wq$3@%3
233	Kimberly	A	Mueller	1974-06-18 13:29:03	kamueller	u&tY9gT2!+ZZx3Egh+vhy%qvr@sj6*Ud
234	Paul	Z	Bishop	1998-07-06 08:55:36	pzbishop	+^AI=0+zs63IRCo^2TOl7tz3SRu8Z1BO
235	Diane	T	Vance	2024-11-11 05:54:48	dtvance	B&ggkAPEN1_t1VDLtMIe1XRWQA6xPx5C
236	Alexis	F	Perez	1996-04-12 22:24:19	afperez	D*NvC+zmTYSt#^_X!YLVCqI3=WFp*~@w
237	Donald	A	Turner	1998-10-11 03:27:27	daturner	BLoEArSrS#7TbkAq8lusF~*9@ZQXAcWy
238	Jennifer	C	Lee	2024-11-05 08:46:53	jclee	calt8~5%2vqWW1KxQSAXtM%CF=0sMVIZ
239	Kristin	G	Escobar	1956-03-25 18:16:00	kgescobar	-d2BdA$T^s9qGzDVx2chbAAA@2XKtGeD
240	Marissa	O	King	1990-11-18 23:50:24	moking	~M@b94&zAd7#77#72%NDZ_xfhb78+NzS
241	Megan	G	Blanchard	2016-05-15 14:44:53	mgblanchard	9aM1pba$ybR@MJR~BJffsr7-D9481N6k
242	Barbara	S	Garner	1988-11-20 00:30:42	bsgarner	ks0d4ch_~@xK7Ty!4g=0pBqMd#ju5ySZ
243	Gabriel	K	Patterson	1997-03-13 10:14:30	gkpatterson	bI*s7M98Ai%ke#8n%WL~e0&~C4FMpOA9
244	Jennifer	A	Mitchell	1954-02-13 04:54:02	jamitchell	ka0TK%SbLuUw3jp6xpACVK%To72~^Fo+
245	Steven	I	Rodriguez	1946-03-03 19:54:24	sirodriguez	Aq$EOM!H*KP*3EvGP#cyBLX2+OTj3Ie2
247	Jeremiah	S	Walsh	1978-05-27 00:38:39	jswalsh	zEPU9fIu7gIS8PcxmGL+IihL=Ia~EFRT
248	Jessica	W	Bell	1951-11-23 01:45:26	jwbell	JSpX-CnhA8-NHhaPsI0gEb_DIkSz%wxq
249	Sandra	P	Simpson	1970-11-20 05:09:59	spsimpson	hWbdMbVUZsGO7cFT2E#12k=D-b%+Vj*u
250	Scott	H	Bennett	1973-01-09 06:58:50	shbennett	ge#9RA#~A%jjAN$6D_^%fKGnzl@Pu_eQ
251	Benjamin	D	Lynn	1969-01-26 02:01:30	bdlynn	+f4~j=zo0bHaw#%Yh3&0%9+tQ~ueTlO9
252	Nicole	C	Rodriguez	1978-04-09 03:06:32	ncrodriguez	K0ZypJspCPHYU#XrQJ$kO$sl9pcMHQWX
253	Michael	P	Rodriguez	1971-11-20 20:51:48	mprodriguez	__Gj6eqiGAhi14Ri-jT6ow5E+3h6hUP!
254	Alexandra	O	Schneider	1985-09-07 21:21:27	aoschneider	S5=^Hwvo7XZhs+*F4u2qVR%mrw0KBcE8
255	John	G	David	1969-08-20 15:58:02	jgdavid	im$8@Ny9U*Re#ObmugNNzD##J#gj4KNg
256	Robin	A	Arnold	1960-07-01 15:28:37	raarnold	#lb#4o8UaMbQT+5KzMv5&~kXHPSyVxg-
257	Deborah	M	Keller	1945-09-16 21:22:18	dmkeller	Ppw21rPRB#ImJflf_spc2OTlrQ8!7CsA
258	James	Z	Hansen	1947-02-16 07:40:56	jzhansen	ZjL5YV6-ZLNL8a27UMth~BWjMUK-slpE
259	Barbara	P	Flores	1969-10-07 17:33:08	bpflores	ANeIXwE-k47s4zJO78hh_M#-rKPjS+U1
260	Vanessa	J	Strickland	1945-05-23 07:12:55	vjstrickland	$5HMwyo^yPZadd$L~Mvqidc_IC-ggK*H
261	Brian	O	Mills	1983-09-13 01:42:23	bomills	iMJ0j88v$D==#Av0Ywufqxruwq-Q#bbA
262	Laura	V	Cole	1955-01-27 13:18:24	lvcole	s4nYtFWYdXY9B_It0OAITC&1ITjVigka
263	Melissa	Z	Estrada	2001-02-22 00:22:11	mzestrada	E-+%~wjHvMh^iYFO+3E$6zdh$jQnD^Vd
264	Eileen	T	Owen	1987-01-10 05:57:16	etowen	zVz7Xj4VOQ*l7XVv_wN2bGh3=Ej9@hHR
265	Carlos	G	Miller	1974-05-31 09:50:42	cgmiller	mY-Ppe+=sSYXH_-kX1zsLYR~XR93&%yQ
266	Nicholas	K	Patterson	2002-01-24 07:54:46	nkpatterson	%#gw-YR*@=hK$QH3TNLOf0V!V*JBlf55
267	Robert	B	Mcclure	2004-12-11 18:39:59	rbmcclure	zCbWRICFWu9#dHBFv4JZ6qZM$iKpgx&^
268	Gary	B	Hall	1982-04-20 00:57:00	gbhall	htAQm10w@pT0p_uGQxW3j4urC*-c-y+g
269	Kathleen	G	Jones	2016-01-20 10:05:29	kgjones	l_=se*9lXWEKJb3s1KIn3#%i6QC!CCLl
270	Cheryl	P	Ruiz	1956-04-29 23:53:25	cpruiz	cyX-Co9LvOa2Q3gTMEXJYEh+Q^Ri8vtv
271	Julia	L	Thomas	1980-04-01 00:17:35	jlthomas	SQKcUaH5KQw!73HApNor*i_VjTXLRmRk
272	Traci	K	Wilson	1982-07-22 02:34:14	tkwilson	cJ+nr9ZsocC@@*R3ToIT8kYd_%ieFyny
273	Robert	S	Smith	2002-10-10 01:30:18	rssmith	BFmpboFP9Wj0FbT51qnjf-kRh=U$^SIp
274	Joseph	G	Evans	2007-09-22 17:49:28	jgevans	ZTqnpNsx1D9REx+%hUgZQGBO!3~%gSWB
275	Samuel	K	Hammond	1993-11-01 11:36:30	skhammond	y%u#Ji5dF0*$yDlXJ$karO@A9R@amgQw
277	Lindsey	C	Lamb	1999-02-12 05:04:56	lclamb	F*!nSs#!pzYpl_Cfwgl~@mbFe73rmU35
278	Kristen	Y	Johnson	1964-02-09 12:55:17	kyjohnson	GiuIymm+Opb3_WN6P4OnOzv1X2=tq=rT
279	Jacob	L	Murphy	1957-02-18 10:19:44	jlmurphy	LN5iKreF-hooss%yZ0qSpm4-BJHnLIJq
280	Kelsey	D	English	2002-02-06 09:55:41	kdenglish	ASgsS7H9y=0%cQduItRuqshr@bNB913v
281	Robert	S	Brown	2009-11-22 10:50:20	rsbrown	d*wDMu%9P^KQz4nZQUujJ#*Sx3&g4m_G
282	Rebecca	R	Garcia	1955-03-18 08:24:46	rrgarcia490	L9Zv9^~%bz+06oG*p#4~K=q#$wbg5deb
283	Kenneth	G	Curry	1979-04-16 13:13:11	kgcurry	0evoCuew1Dgoe_r5$50awDzeq2Pzn5b4
284	Debbie	C	Smith	2023-07-15 01:36:45	dcsmith	b_q#Mic!MYtDZnDD5Zm^PuGCU3iv$p7o
285	Jacob	Y	Nguyen	2002-01-26 16:43:38	jynguyen	k*-@93hnt^1tq@8tb+!=2l&Ng$i+tmWF
286	Robert	V	Ramos	2016-07-16 08:40:48	rvramos	j2fIr$tkKh6ZrQ05xz~X*FeSS&T=twQA
287	Seth	Q	Carpenter	2003-01-25 07:07:59	sqcarpenter	R!gCCP#7+!dTzRwhc5&OCQLN=Cg5y0$O
288	Jennifer	W	Mcbride	1953-07-23 04:24:15	jwmcbride	z~=q^n~0rbPVhIO@3s-~W8APQ&AN0GKl
289	Cynthia	E	Roach	1967-03-18 09:07:58	ceroach	HwTiAWxStx5G=udome1sfq_L%1%WRJZ3
290	Heather	X	Johnson	2018-01-16 07:35:04	hxjohnson	+aCg8i-EECsHU@oru!V^~tLbyACAD54~
291	Joy	S	King	1963-11-23 14:15:33	jsking	qdLvDGXqceii=bFenCxSQIc5%MNoICNz
292	Jared	Y	Jackson	2006-12-04 07:45:51	jyjackson	ltOnjQnAvU28NIo*ne_F!o@hQ1~dxLie
293	Jacob	F	Owen	1949-07-19 01:42:00	jfowen	8lFsTi&tNI#F7ZKoY$XBtBQ_2qXDyu+W
294	Kevin	B	Anderson	1996-12-20 17:59:27	kbanderson	VA8e+CJMR96E5gt3UEdwLV61FuabzpkN
295	James	F	Johnston	1983-08-07 11:53:00	jfjohnston	s33Sn&ZYyAA5Eo1WXsr+W=VojRLrL6#X
296	Cody	Z	Miller	2013-08-14 07:00:38	czmiller	rwj9PXePyirIxEBy~@CNxuKHFfwH33#Y
297	Lisa	M	Brown	1963-11-03 02:59:15	lmbrown	ckUnQxd2UqMPAud6dgjZv+w6+kdN6Iq3
298	Michelle	L	Gray	2022-02-08 22:18:40	mlgray	EKsMdxG$Ovl80GkhCGeSgVo_39GH0boa
299	Grace	F	Taylor	1977-12-19 18:47:28	gftaylor	TE!u~ZJYMJ0=xw6%s3wVNzTW8ldV_&Ch
300	Jamie	M	Chen	1986-12-01 16:27:38	jmchen	Hl4tk~DgQHYG~aW@2zYKHIbLsdmENR9z
301	Christopher	J	Marquez	1973-07-04 14:18:43	cjmarquez	@h3pIlBMLvOdna3wRth*YN7P*Nj4uoNA
302	Michelle	B	Simmons	1966-10-18 01:45:57	mbsimmons	Pq*k5Vqp@UO_b9bhvd5%l5DFdjr^m+ID
303	Tracy	Q	Carson	2016-07-26 14:59:35	tqcarson	g8x@yzJDEq6fVJqQtQXJD5=lua3YKv&b
304	Brandon	A	Austin	1984-04-14 12:50:54	baaustin	XvX&Az1yq9Pw#rRZBC=@kmEA0r!vpv0g
305	Brent	H	Walker	1992-08-23 14:22:45	bhwalker	f*jWOn9--^GdG89f2MlJ2lS@ulIPU1Q-
306	Alex	B	Skinner	1961-05-18 04:22:24	abskinner	=^@sRHhDUF00+PfhT+k9ms~CVDyDYh+G
307	Rachel	P	Harvey	1959-08-15 19:52:31	rpharvey	fscBH+Ty8yh!hEqyhNe2t$snhOEz=BLH
308	Sarah	R	Webb	2009-12-14 05:37:14	srwebb	d30QTVYQ=T_3mok06RCKufOev~gSXT1c
309	Ricky	T	Bennett	1965-02-12 07:14:20	rtbennett	9=dc&8&YIq22g0O--&ssceFA6FRIF63E
310	Brian	A	Rivera	2011-05-31 17:31:35	barivera	!eiXLg*R8T=*TUFLC4a&IYhp6ZqJZKhQ
311	Mary	X	Johnson	1991-07-14 00:09:27	mxjohnson	##-CmnbS7#bRx9-3KBq$nfLsJ0TVm~-7
312	Erin	W	Clark	1945-05-17 17:54:37	ewclark	l-C!n+o%+Ge%Usbm^jwWQijuY9eVsr@s
313	Stephen	Q	Johnson	1961-01-11 09:55:30	sqjohnson711	lGD#^YAjlVnenVO688hq0Sl^pykMW6G3
314	Kathleen	W	Reed	2018-05-01 19:24:15	kwreed	u=dY$de*lYxoQ0=O6!VvbhBOuff2qiNU
315	Daniel	Q	Moore	1962-06-03 20:12:16	dqmoore	pOyRR%M&3daW27p$uMRVJC+#YKm1-h!j
316	Mary	J	Malone	1969-01-05 09:06:16	mjmalone	^uoRakxT_a+FHs*NMgIDOiSf1nddsnm$
317	Savannah	Y	Myers	1957-05-24 01:09:21	symyers	vlGI~W#vxvR$&y_koU0nkq~Yw*rUbFkw
318	Dawn	D	Hodges	1958-10-16 21:18:13	ddhodges	gp!zlI!*J!#uup6qw=gAcHpSlY~_v5f9
319	Martha	R	Russell	1990-10-31 09:19:49	mrrussell	&abc8%@CN2-qclqc8r88MEhZ!GM=ZPTM
320	Lori	V	Vaughan	1975-08-22 21:26:03	lvvaughan	o-qvSp#Imwih6rEPyq$u1~qLEtRRiX~N
321	Scott	D	Hardy	2003-12-13 01:33:08	sdhardy	tv=5u%XNaH~roDzX2$Z!t$Sz%YDhg$Vc
322	Victoria	D	Nunez	2024-07-18 12:21:43	vdnunez	w3u&DdaawVZftW0t_d_f6k5FGZaNsL^1
323	Craig	N	Robinson	2019-03-03 17:47:14	cnrobinson	1nkLnttT89gftEAY!*CmhQmj^B6FV_Os
324	Lori	Q	Barrett	2010-09-18 22:09:02	lqbarrett	*8ytC!AcFNSXjzi+mtOlxHmrb!_8*rpP
325	Alyssa	V	Mcdonald	2011-12-07 01:30:26	avmcdonald	8xu1DbebUsZHZ7e2OLde!^@O6m_Ngfik
326	Luis	A	Smith	1945-08-06 21:19:06	lasmith	s7kRN9qv*@YQICXbZzXJ3Alr#~61mf_d
327	Jennifer	D	Herring	1959-11-27 14:24:33	jdherring	!*htJWlS%ok8~Jy6Yf+YY3RsfAxnJEen
328	Garrett	D	Simmons	1991-09-15 23:43:29	gdsimmons	4xya#c3bgYKG%p$cOesM4IesNlBKgn68
329	Anthony	K	Ford	1957-05-25 07:34:14	akford	-sWs$y$qm#a9Pcul8wq=QSPSq_ZKcOtd
330	Amy	Q	Wiley	1967-01-15 11:54:52	aqwiley	G^=x~qI~I+-azpHC28NM9+$2*enLK6ym
331	Mitchell	W	Haynes	1978-02-24 15:27:48	mwhaynes	T&mYQ1nWii&am&PJxr=4C51+x&NeEAGp
332	Eric	S	Jackson	1978-09-26 16:29:06	esjackson	&AY=hqZnanetx4z8^1@6c_8l4HTKG!bD
333	Peter	Q	Patterson	1955-02-24 01:56:37	pqpatterson	suZ5qGuNf@aVYz2mX2P5yexKvTFqTK1V
334	Kenneth	C	Hayes	1958-10-24 15:25:24	kchayes	1LiwaL!w^eskqeigsw9p5PM+k4MDeizb
335	Alice	N	Ware	1977-02-11 06:23:10	anware	HWj@A14bm@fDnxgsA9uH*F7o*NxWe-hg
336	Samuel	A	Armstrong	1966-05-16 02:16:38	saarmstrong	eY2a2ibBSXHDOWeIE~11=nu%OSi4QLuV
337	Stacy	A	Gordon	1974-07-26 00:25:26	sagordon	2WuGe-_5ak@Sy3^SqXg0cG6M%Trtx$8%
338	Aaron	B	Ortiz	1963-11-15 17:30:28	abortiz	6!ScvtciuERoHKF_RL*t7m1z%&YZ~R_%
339	William	K	Vargas	2001-03-30 14:15:40	wkvargas	e&Rv_SDxHK@e^VMEcnK8llFc1J!LhPO8
340	Michelle	C	Patterson	1996-12-06 07:20:05	mcpatterson	S%krFGHOvhrNh+1_8P36jTje_&ERI1zB
341	David	P	Hernandez	1949-11-30 23:54:23	dphernandez	ucKODmCZYorf%yu%P4qzeSBx5dB=Y^3~
342	Anthony	O	Butler	1980-09-20 01:42:52	aobutler	oq4c~x6H+r2kR=+flMTV1^LL~8KOm8IN
343	Kara	F	Hunt	1970-07-16 02:53:47	kfhunt	w1GGQAP$62~f!TMO@8hLIWv2nZnK6oaz
344	Cheryl	D	Riley	1949-01-05 22:33:32	cdriley	etul+&Ab%xaM3AiJY=jrR&cur+RwaO+7
345	Erika	D	Clark	2021-09-16 14:33:44	edclark	SZT!82j$^OCOPZdDi%=lE~qxajRV3Oz1
346	Deborah	I	Barajas	1953-06-09 07:10:46	dibarajas938	IFMaK8uV22NUD&#p*jRtpMb1SQsvm6O$
347	Tanya	K	Cox	1985-02-11 10:49:19	tkcox	YIo1-SV5$JCwf@TDooejVQCQ@zOl=Hwz
348	Christopher	C	Kennedy	2006-01-09 03:55:41	cckennedy	7V*D2if_*rr&HyZ5jAoLcCiS4ElqRRlZ
349	Diane	K	Bryant	1989-08-23 00:22:15	dkbryant	qkuFo*FEJ7cAh_hL@H=dXsfV$gN~X&2j
350	Karl	R	Griffin	2012-03-11 17:34:59	krgriffin	H1O3%rpAQv3WN3ZWBjzFuKc4c*cKj=Ne
351	Savannah	R	Barron	1982-12-13 10:01:29	srbarron	7bT@!7Hpyg*M1++2rWy6Iuln8jP7#q+V
352	Justin	L	Duran	1991-04-14 18:37:20	jlduran	kJW4KPP0JcU2-9!h$b$ruK0eoU7FO===
353	Christopher	S	Huynh	2013-08-24 17:31:33	cshuynh	*sKw_foX3byLBy30FG1EG9z3sP%RV+dt
354	Amy	W	Rivas	1974-09-29 18:05:04	awrivas	hy*BF8FVAxaTsm7gX9Swz46fkUCy=G6b
355	Jacqueline	O	Robinson	2006-12-28 06:30:07	jorobinson	0j+xijca1wA@!xb@P~p9ctEKkpaNan^S
356	Laura	B	Bush	2013-07-04 00:40:38	lbbush	Ta89CmPDim$N%0lj-Y32oW1if#nR!MAh
357	Jeffrey	P	Johnston	1962-10-01 12:19:20	jpjohnston	E+0MpCRCYT=rQ-x~BNC-Am#DWz_lQt0r
359	Julie	G	White	2023-12-21 09:03:53	jgwhite	Eg_r!~wVOS+AYj2E_~9+qFQNiAaxf3J#
360	Tammy	R	Greene	1994-01-26 06:56:13	trgreene	NFMnSQKcF!3Y~PI_W%-L-%Es^77~#cf&
361	Trevor	S	Warner	1985-06-07 19:02:19	tswarner	4BJkBZVFpKGDJ^bzY5$qMXgNdIr^53uz
362	John	X	Lawrence	1992-06-26 11:42:24	jxlawrence	~@SamVX9aDeA2&uf#ZPfce&VENQSqh_N
363	Michael	W	Hawkins	1949-11-01 04:15:50	mwhawkins	4hZp1gQSVaLd^GP_N$xsggEY8-20y=tw
364	John	T	Porter	1992-04-19 02:07:39	jtporter	YMJFa%5C+&DhJ8R^bZCW=1ae1-7dzqCa
365	Michael	S	Russo	1947-08-04 22:20:31	msrusso	1WAixazvdSevJbUqn585p=cTDIfWe0h8
366	Diane	O	Marsh	1986-09-09 17:37:40	domarsh	~Xo!g!Z-F-ts#H20$-lqs4xpy#%Xw4V4
367	Robert	U	Hicks	1945-07-20 22:45:05	ruhicks	RL@RaWzyd!vqQIUuwjHUyo*OV8GFIYDo
369	Kathryn	T	Peterson	2022-01-02 22:44:41	ktpeterson	Ai!Lt1baxX$7Ujv6Fc12yJw_AJSh5i17
370	Teresa	W	George	2008-05-28 15:18:55	twgeorge	vIiDG&r36U5pEz*1F%VS4M^!95q2H=Rx
371	Stephen	X	Matthews	1999-09-21 16:46:58	sxmatthews	X~L8YEVIVBkZm#xMjHsI2P#$uo1BH0S&
372	Cameron	K	Shaw	1997-12-31 17:00:44	ckshaw	rK-diyae=zizt1+p5#!o@#$@n70n3AF0
373	Michael	K	Miller	1976-06-23 19:41:26	mkmiller	2=VrZFulKJcF1&z2pWHoZYHUJriqQ+!O
374	Jamie	T	Owens	2007-04-30 02:49:18	jtowens	2vewS~EUBR4iRs=iQLcXi$QCI#rXP-i4
375	Joshua	A	Ball	2017-05-19 04:56:56	jaball	M14FTi2Gp2VggCzbiT7XiIEan65xn^zB
376	Virginia	A	Parker	1974-01-28 00:01:54	vaparker	R__ZGt*2hyq4#IDM@Jod0$rIM9rUfVwg
377	Amanda	P	Mendoza	2014-09-22 01:16:17	apmendoza	7JafZbvPvQUmS7f-2XhyE@=3euMm&KlF
378	William	Z	Moody	2024-04-08 00:59:41	wzmoody	t3&fKXpv4G2^p@VQt0wzWI9vZ6Kyt-jF
379	Kristi	W	Powers	1971-10-09 06:55:23	kwpowers	xR%-D%!UG~oavgdWvryeSsgmxTmSBDfZ
380	Danielle	F	Morgan	1975-05-23 05:47:58	dfmorgan	tT68UjNMRk5UozktZGpCF0Vv3E3n@Ux4
381	Juan	E	Nelson	1995-02-18 19:58:12	jenelson	kvXwf*ZYt4dk&%f6kf#w&m$RP~q3p7gm
382	Brian	O	Harrington	1966-11-23 10:40:53	boharrington	47bfma%0%3&1Vn#2AA+u*qj*lkaJxQog
383	Lindsay	P	Pham	1993-11-16 04:34:25	lppham	jhQR4K+8PHyFpS__j1bbjgLsFFc$7Ddb
385	Joseph	A	Harrington	1950-09-09 08:26:07	jaharrington	KE!j4AT@t*^-5EX!IH72m2Dx6MjvjEh$
386	Stacy	J	Brooks	1946-10-07 07:32:56	sjbrooks	VuYnQ299&mIIheRm$*O38Ya+1QKP#0Hl
387	Randy	C	Stein	1986-12-20 02:30:24	rcstein	t5d-j~WdOYwdUU1fS-0TnsVvo1-ub!8k
388	Kara	J	Moore	1979-02-03 16:43:09	kjmoore	8T%BwvLz=Furi1B=B3*ok7zE1U4!4@eo
389	Marvin	L	Zimmerman	2019-12-12 20:44:41	mlzimmerman	KoyB9hw9W_Af*mCOE-ODPD9un~xz3PRF
390	Brenda	M	Russell	1991-08-30 20:08:48	bmrussell	oiVC$9Cd67=gF$SUt7p#cw-Lz0RGwLLC
391	Gregory	S	Mullins	1946-02-23 08:25:43	gsmullins	S0XH&jMZEtB5AIWrnl0#8!ZsjpPj2tly
392	Taylor	D	Gilmore	1983-01-13 08:11:50	tdgilmore	BH$Qty*22@fAK%GT9jxjesO^YS2m+YyP
393	Brandon	X	Pollard	1963-09-09 18:07:22	bxpollard	^pC7osyv0EcRSc74@TCLSK@bkX#9Jwnk
394	Frederick	J	Collins	1991-12-19 00:15:39	fjcollins	6DH@v~IYIxt26&usmquZytnh+ZCQ%qe7
395	Mark	A	Harris	1948-04-30 01:19:27	maharris	UQbWCos1J^uQ%O8d6a^d9eyz#@cdU0D$
396	Nathan	G	Madden	1959-12-18 09:43:05	ngmadden	Qwhx=CkvGcEO$V48308TnwB8Xf%1tRk$
397	Jessica	E	Anderson	2024-07-26 21:08:24	jeanderson	hYn!Om9xJ3KYh82BR$=xg29^L^hukSF*
398	Annette	X	Morton	1947-06-06 17:29:22	axmorton	~KLQ-Ppq8+R+DOsfN1RC_ABgqE3BIVcM
399	William	T	Maxwell	1965-10-29 13:21:42	wtmaxwell	oK_YIxPQd#DSm$Fv=RAx5Zci^bPty_Jz
400	Belinda	C	Smith	2001-04-24 04:35:02	bcsmith	roi@CuNQUqjoVZfewhH5qi#Fta=n_Wya
401	Eric	R	Villarreal	1983-09-07 05:45:50	ervillarreal	aRleE@=d7HMGuR^^-r8Nh9sLyfWI1I_d
402	Tina	M	Cox	2015-03-12 10:50:01	tmcox	iF5NZK3iHHTHQkNitikRySHdSbtTErFu
403	Stacy	M	Welch	1981-02-04 03:48:17	smwelch	0z92Ab2akbSJCYqGT9i=@MgMwX3eE=Ry
404	Tiffany	D	Robinson	1948-07-21 11:41:52	tdrobinson	r7nzL%2o7J~_NUgM7+m=lmo%XF+uFL=4
405	Erik	C	Alexander	1983-11-20 03:37:39	ecalexander	3X+AF$+b~M*a^44V0mz5*FLOLF!g_TE1
406	Patrick	G	Scott	1999-05-29 00:35:25	pgscott	-_S82PDdDwMHhN%b$KED@G&etIH4vvU9
407	Michelle	Q	Johnson	1969-03-25 02:33:30	mqjohnson	h!RNxAm0w@P!ctNoR51$*YWokHSDJz_!
408	Deborah	H	Mcguire	1959-06-27 16:38:31	dhmcguire	CvS63~#^RzBC-Pqj8cunnXiap8HUww=#
409	Jennifer	T	Anderson	2015-11-01 23:08:32	jtanderson	_P5gv$BvZ-xbWh#d$m9QB5u!MUJ%8v2n
410	Christopher	T	Russell	2007-03-12 11:09:04	ctrussell	ds*FSKxhov$cUDfF@Mw75Vu*Zd1Dq!^Y
411	Carlos	M	Williams	1993-12-26 06:01:03	cmwilliams	jVjcfVFj!y@R!*O#rxiGj8ZuB0y5w8%5
412	Michael	T	Chase	2022-11-02 16:44:44	mtchase	F0mCCwpbukt1J_CY-6qdhn0^7R+s~DZ_
413	Amy	Y	Rivera	1969-06-07 08:56:08	ayrivera	JqGebCsG0A8Ql_OXch2~dLfmcVIFKNOQ
414	Christina	F	Miller	1959-07-06 11:03:38	cfmiller	V#0&VKvhEk+nbGh39am0376PtM#~e2fV
415	Briana	O	Ferguson	1963-02-14 00:04:01	boferguson	0EfWTWe!~_BfV+LAa47#yY$DAg^Vsbo9
416	Jonathan	T	Armstrong	1966-10-11 11:02:15	jtarmstrong	ZErgt5z5dR*QI4TuQb@W+GSTVmHKvq_2
417	Rachel	X	Stuart	1984-06-10 22:58:16	rxstuart	AZ==wh7kIZpQ6PPVIK~C86*9IKO0a77g
418	Edward	A	Keith	2023-02-17 16:15:25	eakeith	XRBB2b%GWxqcOa#Lu6eVT5ItUwL&8#lJ
419	Jeff	R	Maldonado	2002-03-02 04:47:08	jrmaldonado	^BUB-zXcBl1OIJTFbr5dDHPCSw=c@+@A
420	Calvin	C	Campbell	1949-07-05 00:15:18	cccampbell	WXl9091X@LScr-bJ6puhHg8~4vfJj%P6
421	Ronald	S	White	2003-04-15 19:55:01	rswhite	J*JhhT~AqZ3VO7cX0efAeO$yYE%_-&lt
422	Mary	W	Gilbert	1973-11-12 20:46:46	mwgilbert	*jkHapAF$UDtEe_fNu5++z=2hgdeXyl9
423	Mary	J	Montgomery	2001-05-18 22:28:18	mjmontgomery	M2eRnvAg=vc8zqvaT%PMRHJ&EnJ^3$Xq
424	Audrey	D	Figueroa	2002-02-21 20:41:21	adfigueroa	6BJ5YAgcBFtATLXg91RHAc+zmvuMKW7H
425	Joseph	A	Li	1993-10-03 19:11:39	jali	ym^oOC$f3UZrp2936*BsxcBR5^$A%v+J
426	Nancy	T	Sullivan	1967-07-18 18:36:41	ntsullivan	avf8$1p8tIqIW9CD%sD_CZ!HYYkJqLDW
427	Robert	Y	Welch	1958-08-25 06:55:03	rywelch	Yk07loiW1zhY92hQ8@UIYGz6Pncr6#R$
428	Frances	H	Sherman	1996-10-04 14:33:06	fhsherman	^Meq3GyTdV9PWIJU!9o3jEt3d8A8aXjv
429	Christopher	N	Spence	1987-07-06 10:48:43	cnspence	dCFdaSW_KgwdzfW#naLlxZC!o7pw-BWi
430	Amy	N	Rivera	1977-11-10 20:48:05	anrivera	=*RhkeWIV!g%4%ZXHNAL#R5lz5oNIlQR
431	Travis	N	Ford	2006-01-19 00:23:24	tnford	frmS$mIl%S*j1WI$fJQWv^B5+f9^gzoc
432	Steven	T	Reyes	1998-05-20 01:38:56	streyes	V3Z4IHCjp6I0yXWZH_@Jbs4ggS#7ox1=
433	Christine	W	Smith	1945-12-13 02:16:10	cwsmith	7_AZ$r5-s!-Ql4i*N+iQDzvk9IJ7qNrC
434	Sarah	Q	Cherry	2001-04-16 09:23:50	sqcherry	-B7r+fjZx9yxHDo2S0gSdKu#R#D5HGsx
435	Amber	M	Williams	1968-02-23 19:20:33	amwilliams	U*6*WdAmt8%4GFE#WRXws6i_FyCVF&Xt
436	Jacob	H	Bailey	1957-09-24 00:41:54	jhbailey	qbUfpzOyCrszre+c=*U_sGk8_wk@OonU
437	Rachel	W	Roth	2004-06-06 16:30:59	rwroth	RvHf2m2jVJpKO%oxh7u$QA5%wDhuE0X%
438	Kari	H	Murphy	1960-03-12 02:36:32	khmurphy	_pN0ehkvXy-PL5tWD7oRwMIu7n5HYrDZ
439	Dennis	Z	Lopez	1946-11-07 02:45:48	dzlopez	H-FPX!9LT7m+56R4C9gAahSwkplct@wm
440	Thomas	B	Horn	1993-04-17 02:22:37	tbhorn	~zz5TFbEo#N8mlcu3OyFdUw~XNYRnENb
441	Michelle	P	Weber	2004-03-20 01:30:52	mpweber	CIoFGCj~EwnyGhBlF4WMiI3lUC2yszzq
442	Elizabeth	O	Anderson	2003-05-20 01:58:58	eoanderson	8dQ$*pmcufnCa=3#R99oxd+puMurI7s0
443	Jessica	O	Wilkins	1958-04-24 09:43:25	jowilkins	Wll#q1Pt~L44J~zo@aDU&6Zw5VB8n^Qk
444	Bonnie	B	Aguilar	1990-04-04 03:17:57	bbaguilar	^QnXyznx!^D&g5kxAQS~nlYnsu4dj7Y2
445	Madison	S	Leonard	1970-07-06 10:13:25	msleonard	1-_#=U&7*uZ^CQYisDP-C%67CJ7pk+8s
446	Wanda	O	Reeves	2012-02-13 11:37:27	woreeves	w1lsi+CvQDLS!SXqsYu3P-h=N66tz$$H
447	Troy	L	Jones	1971-05-05 19:58:37	tljones	lmd+ZNmV_F3&0*bLKz^de3p2LMjA3Z6g
448	Steven	Y	Parker	2000-08-14 04:49:37	syparker	Z~+OzKWT0BsYgF&Yr$Qd4D^Wl4prlUgl
449	Sherri	L	Dixon	1975-09-13 01:50:11	sldixon	e18^#yeAAKL@&yj-2!EgJ@1+UZEr%Jiu
